<?xml version="1.0" encoding="UTF-8"?>
<project-private xmlns="http://www.netbeans.org/ns/project-private/1">
    <open-files xmlns="http://www.netbeans.org/ns/projectui-open-files/2">
        <group>
            <file>file:/C:/Users/Mercy%20Rocio/MPLABXProjects/RTC.X/LCD.c</file>
            <file>file:/C:/Users/Mercy%20Rocio/MPLABXProjects/RTC.X/main.c</file>
            <file>file:/C:/Users/Mercy%20Rocio/MPLABXProjects/RTC.X/LCD.h</file>
            <file>file:/C:/Users/Mercy%20Rocio/MPLABXProjects/RTC.X/Config.h</file>
        </group>
    </open-files>
</project-private>
